ts,route,date,price_rub,airlines,departure,stops
2026-09-29 16:17,EVN-LED,2026-12-17,14823,FLYONE Armenia,17.12 06:00,0
2026-09-29 16:17,LED-EVN,2026-12-17,16944,FLYONE Armenia,17.12 09:50,0
2026-09-30 23:14,TBS-LED,2026-12-16,42835,Georgian Airways,16.12 08:45,0
2026-09-30 23:14,TBS-LED,2026-12-18,42835,Georgian Airways,18.12 08:45,0
2026-10-01 09:24,TBS-LED,2026-12-16,42999,Georgian Airways,16.12 08:45,0
2026-10-01 09:24,TBS-LED,2026-12-18,42999,Georgian Airways,18.12 08:45,0
2026-10-01 16:46,TBS-LED,2026-12-16,43065,Georgian Airways,16.12 08:45,0
2026-10-01 16:46,TBS-LED,2026-12-18,43065,Georgian Airways,18.12 08:45,0
2026-10-01 22:21,TBS-LED,2026-12-16,43002,Georgian Airways,16.12 08:45,0
2026-10-01 22:21,TBS-LED,2026-12-18,43002,Georgian Airways,18.12 08:45,0
2026-10-02 02:22,TBS-LED,2026-12-16,42999,Georgian Airways,16.12 08:45,0
2026-10-02 02:22,TBS-LED,2026-12-18,42999,Georgian Airways,18.12 08:45,0
2026-10-02 05:30,TBS-LED,2026-12-16,43000,Georgian Airways,16.12 08:45,0
2026-10-02 05:30,TBS-LED,2026-12-18,43000,Georgian Airways,18.12 08:45,0
2026-10-02 11:57,TBS-LED,2026-12-16,42939,Georgian Airways,16.12 08:45,0
2026-10-02 11:57,TBS-LED,2026-12-18,42939,Georgian Airways,18.12 08:45,0
2026-10-02 18:42,TBS-LED,2026-12-16,43220,Georgian Airways,16.12 08:45,0
2026-10-02 18:42,TBS-LED,2026-12-18,43220,Georgian Airways,18.12 08:45,0
2026-10-02 23:32,TBS-LED,2026-12-16,43219,Georgian Airways,16.12 08:45,0
2026-10-02 23:32,TBS-LED,2026-12-18,43219,Georgian Airways,18.12 08:45,0
2026-10-03 03:17,TBS-LED,2026-12-16,42968,Georgian Airways,16.12 08:45,0
2026-10-03 03:17,TBS-LED,2026-12-18,42968,Georgian Airways,18.12 08:45,0
2026-10-03 14:21,TBS-LED,2026-12-16,42800,Georgian Airways,16.12 08:45,0
2026-10-03 14:21,TBS-LED,2026-12-18,42800,Georgian Airways,18.12 08:45,0
2026-10-03 18:12,TBS-LED,2026-12-16,42968,Georgian Airways,16.12 08:45,0
2026-10-03 18:12,TBS-LED,2026-12-18,42968,Georgian Airways,18.12 08:45,0
2026-10-04 11:02,TBS-LED,2026-12-16,42759,Georgian Airways,16.12 08:45,0
2026-10-04 11:02,TBS-LED,2026-12-18,42759,Georgian Airways,18.12 08:45,0
2026-10-05 00:49,TBS-LED,2026-12-16,42753,Georgian Airways,16.12 08:45,0
2026-10-05 00:49,TBS-LED,2026-12-18,42753,Georgian Airways,18.12 08:45,0
2026-10-05 03:35,TBS-LED,2026-12-16,42794,Georgian Airways,16.12 08:45,0
2026-10-05 03:35,TBS-LED,2026-12-18,42794,Georgian Airways,18.12 08:45,0
2026-10-05 09:41,TBS-LED,2026-12-16,43054,Georgian Airways,16.12 08:45,0
2026-10-05 09:41,TBS-LED,2026-12-18,43054,Georgian Airways,18.12 08:45,0
2026-10-06 02:59,TBS-LED,2026-12-20,43746,Georgian Airways,20.12 08:20,0
2026-10-06 02:59,TBS-LED,2026-12-23,43746,Georgian Airways,23.12 08:45,0
2026-10-06 02:59,DME-EVN,2026-12-15,12142,FLYONE Armenia,15.12 21:00,0
2026-10-06 02:59,DME-EVN,2026-12-16,12142,FLYONE Armenia,16.12 21:00,0
2026-10-06 02:59,DME-EVN,2026-12-17,15056,FLYONE Armenia,17.12 21:00,0
2026-10-06 02:59,DME-EVN,2026-12-18,18941,FLYONE Armenia,18.12 21:00,0
2026-10-06 02:59,EVN-DME,2026-12-20,18493,FLYONE Armenia,20.12 17:40,0
2026-10-06 02:59,EVN-DME,2026-12-21,14113,FLYONE Armenia,21.12 17:40,0
2026-10-06 02:59,EVN-DME,2026-12-22,13140,FLYONE Armenia,22.12 17:40,0
2026-10-06 02:59,EVN-DME,2026-12-23,13140,FLYONE Armenia,23.12 17:40,0
2026-10-06 02:59,VKO-EVN,2026-12-15,12142,FLYONE Armenia,15.12 02:50,0
2026-10-06 02:59,VKO-EVN,2026-12-16,12142,FLYONE Armenia,16.12 02:50,0
2026-10-06 02:59,VKO-EVN,2026-12-17,15056,FLYONE Armenia,17.12 02:50,0
2026-10-06 02:59,VKO-EVN,2026-12-18,18941,FLYONE Armenia,18.12 02:50,0
2026-10-06 02:59,EVN-VKO,2026-12-20,15087,FLYONE Armenia,20.12 06:20,0
2026-10-06 02:59,EVN-VKO,2026-12-21,15087,FLYONE Armenia,21.12 06:20,0
2026-10-06 02:59,EVN-VKO,2026-12-22,13140,FLYONE Armenia,22.12 06:20,0
2026-10-06 02:59,EVN-VKO,2026-12-23,13140,FLYONE Armenia,23.12 06:20,0
2026-10-06 03:19,TBS-LED,2026-12-20,43748,Georgian Airways,20.12 08:20,0
2026-10-06 03:19,TBS-LED,2026-12-23,43748,Georgian Airways,23.12 08:45,0
2026-10-06 03:19,EVN-DME,2026-12-20,18494,FLYONE Armenia,20.12 17:40,0
2026-10-06 03:19,EVN-DME,2026-12-21,14114,FLYONE Armenia,21.12 17:40,0
2026-10-06 03:19,EVN-DME,2026-12-22,13141,FLYONE Armenia,22.12 17:40,0
2026-10-06 03:19,EVN-DME,2026-12-23,13141,FLYONE Armenia,23.12 17:40,0
2026-10-06 03:19,EVN-VKO,2026-12-22,13141,FLYONE Armenia,22.12 06:20,0
2026-10-06 03:19,EVN-VKO,2026-12-23,13141,FLYONE Armenia,23.12 06:20,0
2026-10-06 09:11,DME-EVN,2026-12-18,20884,FLYONE Armenia,18.12 21:00,0
2026-10-06 09:11,EVN-DME,2026-12-20,18497,FLYONE Armenia,20.12 17:40,0
2026-10-06 09:11,EVN-DME,2026-12-21,15090,FLYONE Armenia,21.12 17:40,0
2026-10-06 09:11,EVN-DME,2026-12-22,13143,FLYONE Armenia,22.12 17:40,0
2026-10-06 09:11,EVN-DME,2026-12-23,13143,FLYONE Armenia,23.12 17:40,0
2026-10-06 09:11,EVN-VKO,2026-12-20,15090,FLYONE Armenia,20.12 06:20,0
2026-10-06 09:11,EVN-VKO,2026-12-21,15090,FLYONE Armenia,21.12 06:20,0
2026-10-06 09:11,EVN-VKO,2026-12-22,13143,FLYONE Armenia,22.12 06:20,0
2026-10-06 09:11,EVN-VKO,2026-12-23,13143,FLYONE Armenia,23.12 06:20,0
2026-10-06 09:21,TBS-LED,2026-12-20,44180,Georgian Airways,20.12 08:20,0
2026-10-06 09:21,TBS-LED,2026-12-23,44180,Georgian Airways,23.12 08:45,0
2026-10-06 09:21,EVN-DME,2026-12-20,18680,FLYONE Armenia,20.12 17:40,0
2026-10-06 09:21,EVN-DME,2026-12-21,15239,FLYONE Armenia,21.12 17:40,0
2026-10-06 09:21,EVN-DME,2026-12-22,13273,FLYONE Armenia,22.12 17:40,0
2026-10-06 09:21,EVN-DME,2026-12-23,13273,FLYONE Armenia,23.12 17:40,0
2026-10-06 09:21,EVN-VKO,2026-12-20,15239,FLYONE Armenia,20.12 06:20,0
2026-10-06 09:21,EVN-VKO,2026-12-21,15239,FLYONE Armenia,21.12 06:20,0
2026-10-06 09:21,EVN-VKO,2026-12-22,13273,FLYONE Armenia,22.12 06:20,0
2026-10-06 09:21,EVN-VKO,2026-12-23,13273,FLYONE Armenia,23.12 06:20,0
2026-10-06 10:01,DME-EVN,2026-12-18,18941,FLYONE Armenia,18.12 21:00,0
2026-10-06 17:08,TBS-LED,2026-12-20,44151,Georgian Airways,20.12 08:20,0
2026-10-06 17:08,TBS-LED,2026-12-23,44151,Georgian Airways,23.12 08:45,0
2026-10-06 17:08,DME-EVN,2026-12-16,13113,FLYONE Armenia,16.12 21:00,0
2026-10-06 17:08,DME-EVN,2026-12-18,20884,FLYONE Armenia,18.12 21:00,0
2026-10-06 17:08,EVN-DME,2026-12-20,27010,FLYONE Armenia,20.12 17:40,0
2026-10-06 17:08,EVN-DME,2026-12-21,19153,FLYONE Armenia,21.12 17:40,0
2026-10-06 17:08,EVN-DME,2026-12-22,13260,FLYONE Armenia,22.12 17:40,0
2026-10-06 17:08,EVN-DME,2026-12-23,13260,FLYONE Armenia,23.12 17:40,0
2026-10-06 17:08,VKO-EVN,2026-12-16,13113,FLYONE Armenia,16.12 02:50,0
2026-10-06 17:08,VKO-EVN,2026-12-17,24769,FLYONE Armenia,17.12 02:50,0
2026-10-06 17:08,EVN-VKO,2026-12-20,21117,FLYONE Armenia,20.12 06:20,0
2026-10-06 17:08,EVN-VKO,2026-12-21,19153,FLYONE Armenia,21.12 06:20,0
2026-10-06 17:08,EVN-VKO,2026-12-22,13260,FLYONE Armenia,22.12 06:20,0
2026-10-06 17:08,EVN-VKO,2026-12-23,13260,FLYONE Armenia,23.12 06:20,0
2026-10-06 17:18,TBS-LED,2026-12-20,44148,Georgian Airways,20.12 08:20,0
2026-10-06 17:18,TBS-LED,2026-12-23,44148,Georgian Airways,23.12 08:45,0
2026-10-06 17:18,DME-EVN,2026-12-17,22827,FLYONE Armenia,17.12 21:00,0
2026-10-06 17:18,DME-EVN,2026-12-18,18941,FLYONE Armenia,18.12 21:00,0
2026-10-06 17:18,EVN-DME,2026-12-20,26940,FLYONE Armenia,20.12 17:40,0
2026-10-06 17:18,EVN-DME,2026-12-21,19103,FLYONE Armenia,21.12 17:40,0
2026-10-06 17:18,EVN-DME,2026-12-22,13226,FLYONE Armenia,22.12 17:40,0
2026-10-06 17:18,EVN-DME,2026-12-23,13226,FLYONE Armenia,23.12 17:40,0
2026-10-06 17:18,EVN-VKO,2026-12-20,21063,FLYONE Armenia,20.12 06:20,0
2026-10-06 17:18,EVN-VKO,2026-12-21,19103,FLYONE Armenia,21.12 06:20,0
2026-10-06 17:18,EVN-VKO,2026-12-22,13226,FLYONE Armenia,22.12 06:20,0
2026-10-06 17:28,EVN-VKO,2026-12-23,13226,FLYONE Armenia,23.12 06:20,0
2026-10-06 23:11,TBS-LED,2026-12-20,43710,Georgian Airways,20.12 08:20,0
2026-10-06 23:11,TBS-LED,2026-12-23,43710,Georgian Airways,23.12 08:45,0
2026-10-06 23:11,DME-EVN,2026-12-18,20884,FLYONE Armenia,18.12 21:00,0
2026-10-06 23:11,EVN-DME,2026-12-20,28613,FLYONE Armenia,20.12 17:40,0
2026-10-06 23:11,EVN-DME,2026-12-21,18914,FLYONE Armenia,21.12 17:40,0
2026-10-06 23:11,EVN-DME,2026-12-22,13094,FLYONE Armenia,22.12 17:40,0
2026-10-06 23:11,EVN-DME,2026-12-23,13094,FLYONE Armenia,23.12 17:40,0
2026-10-06 23:11,EVN-VKO,2026-12-20,20853,FLYONE Armenia,20.12 06:20,0
2026-10-06 23:11,EVN-VKO,2026-12-21,18914,FLYONE Armenia,21.12 06:20,0
2026-10-06 23:11,EVN-VKO,2026-12-22,13094,FLYONE Armenia,22.12 06:20,0
2026-10-06 23:11,EVN-VKO,2026-12-23,13094,FLYONE Armenia,23.12 06:20,0
2026-10-06 23:21,TBS-LED,2026-12-20,43709,Georgian Airways,20.12 08:20,0
2026-10-06 23:21,TBS-LED,2026-12-23,43709,Georgian Airways,23.12 08:45,0
2026-10-06 23:21,EVN-DME,2026-12-20,28612,FLYONE Armenia,20.12 17:40,0
2026-10-06 23:21,EVN-DME,2026-12-21,18913,FLYONE Armenia,21.12 17:40,0
2026-10-06 23:21,EVN-VKO,2026-12-21,18913,FLYONE Armenia,21.12 06:20,0
2026-10-06 23:31,EVN-DME,2026-12-20,26672,FLYONE Armenia,20.12 17:40,0
